ts	phase	decision	why	evidence	result
2026-10-04T12:46:36Z	frame	Accepted the provided feature scope and isolated it from existing local edits	Preserve unrelated settings and user data while building one cohesive PR	docs/multiple-boards-spec.md	scope fixed
2026-10-04T12:46:36Z	baseline	Restored dependencies and passed build lint and typecheck on the base	Establish existing behavior before migration and new routes	58dee3e	baseline checks passed; existing image warning
2026-10-04T12:59:41Z	design	Choose Astra workspace and membership model	Enforce owner consistency and preserve fullscreen while replacing canonical URLs	docs/multiple-boards-architecture-review.md; docs/multiple-boards-design.md; Next installed guides; MDN fullscreen and animation docs	Canonical contracts committed; three isolated implementation owners dispatched
2026-10-04T13:28:00Z	integration	Keep the root route dynamic with connection()	A secretless build cached an anonymous redirect even when runtime auth was valid	app/page.tsx; installed Next connection guide; signed root HTTP regression	Secretless production build and signed canonical redirect passed
2026-10-04T13:40:00Z	bug-fix	Fence metadata polls and stabilize page registration	A held old response visibly reverted a successful rename	components/board-workspace.tsx; scripts/boards-browser.ts; IAB red and green reproduction	Rename survives stale metadata and playback Stop
2026-10-04T13:46:00Z	bug-fix	Serialize new-board timestamps in the create transaction	Two equal timestamps sorted opaque IDs in random order	lib/board-store.ts; scripts/boards-smoke.ts future-clock regression	Strict creation order survives rapid inserts and clock regression
2026-10-04T13:47:00Z	verification	Scroll the map into view before checking restored pointer input	The original test point was below the viewport	scripts/boards-browser.ts elementFromPoint assertion	The same iframe-hit assertion passes after scrolling
2026-10-04T14:03:57+00:00	bug-fix	Handle wheel on the whole presentation surface	Wheel over the Stop sibling did not reset its timer	components/presentation-stage.tsx; IAB red proof; deterministic Stop wheel regression	Handler moved to Stage
2026-10-04T14:03:57+00:00	bug-fix	Skip queued removal before setting saving state when the card has moved	A queued source removal left Saving and Play disabled after transfer	components/dashboard.tsx; IAB red proof; held-transfer queued-removal regression	Guard moved before mutation state
2026-10-04T14:13:53+00:00	verification	Complete local checks and rendered acceptance	Verify the integrated product before the PR	docs/multiple-boards-verification.md; .e2e/deterministic/report.json; .e2e/boards; docs/images	All requested commands passed; native fullscreen and mobile inspected; Google OAuth remains separate
2026-10-04T14:13:53+00:00	review	Use the independent acceptance audit and root integration review	Fresh reviewer launch hit the agent thread limit	Acceptance author red-first regressions; root code review; no-comments audit	No unresolved proven finding; two narration comments deleted; no suppressions
2026-10-04T14:41:00Z	pr-review-wave-1	Fix all three confirmed cloud review findings in one push	External deletion left stale content, transfer conflicts hid capacity errors, and navigation discarded queued edits	scripts/boards-browser.ts red then green; full isolated production browser suite	Three regressions pass; existing desktop/mobile and playback checks pass
